{"cameraMode":{"drawMode":0,"name":"Shaded","section":"Shading Mode"},"sceneLighting":false,"audioPlay":false,"sceneViewState":{"showFog":true,"showMaterialUpdate":false,"showSkybox":true,"showFlares":true,"showImageEffects":true,"showParticleSystems":true},"in2DMode":false,"pivot":{"x":143.2186737060547,"y":221.42286682128907,"z":11.968536376953125},"rotation":{"x":-0.07642703503370285,"y":-0.0009052765090018511,"z":0.00008460236858809367,"w":-0.997089147567749},"size":148.7126007080078,"orthographic":false}