{"cameraMode":{"drawMode":0,"name":"Shaded","section":"Shading Mode"},"sceneLighting":false,"audioPlay":false,"sceneViewState":{"showFog":true,"showMaterialUpdate":false,"showSkybox":false,"showFlares":true,"showImageEffects":true,"showParticleSystems":true},"in2DMode":false,"pivot":{"x":0.046002864837646487,"y":0.06131106615066528,"z":0.029296204447746278},"rotation":{"x":0.184810608625412,"y":0.7327494025230408,"z":-0.21946042776107789,"w":0.617059051990509},"size":0.6928203105926514,"orthographic":false}