{"cameraMode":{"drawMode":0,"name":"Shaded","section":"Shading Mode"},"sceneLighting":false,"audioPlay":false,"sceneViewState":{"showFog":true,"showMaterialUpdate":false,"showSkybox":true,"showFlares":true,"showImageEffects":true,"showParticleSystems":true},"in2DMode":false,"pivot":{"x":492.62457275390627,"y":259.55694580078127,"z":7.22802734375},"rotation":{"x":0.11929091066122055,"y":0.08329825103282929,"z":-0.010044552385807038,"w":0.9893136620521545},"size":348.96868896484377,"orthographic":false}