{"cameraMode":{"drawMode":0,"name":"Shaded","section":"Shading Mode"},"sceneLighting":false,"audioPlay":false,"sceneViewState":{"showFog":true,"showMaterialUpdate":false,"showSkybox":true,"showFlares":true,"showImageEffects":true,"showParticleSystems":true},"in2DMode":false,"pivot":{"x":617.3448486328125,"y":270.5696716308594,"z":-2.44683837890625},"rotation":{"x":0.019498074427247049,"y":0.007498604245483875,"z":-0.0001462151703890413,"w":0.9997836351394653},"size":395.7521667480469,"orthographic":false}