{"cameraMode":{"drawMode":0,"name":"Shaded","section":"Shading Mode"},"sceneLighting":false,"audioPlay":false,"sceneViewState":{"showFog":true,"showMaterialUpdate":false,"showSkybox":false,"showFlares":true,"showImageEffects":true,"showParticleSystems":true},"in2DMode":false,"pivot":{"x":-0.41199588775634768,"y":0.7439455986022949,"z":-0.1353456974029541},"rotation":{"x":-0.03944293037056923,"y":0.9450416564941406,"z":-0.12433049082756043,"w":-0.29980674386024477},"size":1.2760014533996583,"orthographic":false}