{"cameraMode":{"drawMode":0,"name":"Shaded","section":"Shading Mode"},"sceneLighting":false,"audioPlay":false,"sceneViewState":{"showFog":true,"showMaterialUpdate":false,"showSkybox":false,"showFlares":true,"showImageEffects":true,"showParticleSystems":true},"in2DMode":false,"pivot":{"x":-0.3009380102157593,"y":0.5318598747253418,"z":0.6153610944747925},"rotation":{"x":-0.025550931692123414,"y":0.9730395674705505,"z":-0.18643832206726075,"w":-0.13335253298282624},"size":2.148500919342041,"orthographic":false}