{"cameraMode":{"drawMode":0,"name":"Shaded","section":"Shading Mode"},"sceneLighting":false,"audioPlay":false,"sceneViewState":{"showFog":true,"showMaterialUpdate":false,"showSkybox":true,"showFlares":true,"showImageEffects":true,"showParticleSystems":true},"in2DMode":false,"pivot":{"x":424.2301330566406,"y":57.85906982421875,"z":1103.3653564453125},"rotation":{"x":0.07940579950809479,"y":-0.016447193920612336,"z":0.0013101485092192889,"w":0.9967093467712402},"size":1004.4132690429688,"orthographic":false}