{"cameraMode":{"drawMode":0,"name":"Shaded","section":"Shading Mode"},"sceneLighting":false,"audioPlay":false,"sceneViewState":{"showFog":true,"showMaterialUpdate":false,"showSkybox":false,"showFlares":true,"showImageEffects":true,"showParticleSystems":true},"in2DMode":false,"pivot":{"x":0.0008482933044433594,"y":1.7272015810012818,"z":0.3944684863090515},"rotation":{"x":-0.025550931692123414,"y":0.9730395674705505,"z":-0.18643832206726075,"w":-0.13335253298282624},"size":3.0727896690368654,"orthographic":false}