{"cameraMode":{"drawMode":0,"name":"Shaded","section":"Shading Mode"},"sceneLighting":false,"audioPlay":false,"sceneViewState":{"showFog":true,"showMaterialUpdate":false,"showSkybox":false,"showFlares":true,"showImageEffects":true,"showParticleSystems":true},"in2DMode":false,"pivot":{"x":281.9356689453125,"y":410.16485595703127,"z":6.470428466796875},"rotation":{"x":-0.07192094624042511,"y":0.022135945037007333,"z":-0.0015922562452033163,"w":-0.9971683621406555},"size":203.46908569335938,"orthographic":false}