{"cameraMode":{"drawMode":0,"name":"Shaded","section":"Shading Mode"},"sceneLighting":true,"audioPlay":false,"sceneViewState":{"showFog":true,"showMaterialUpdate":false,"showSkybox":true,"showFlares":true,"showImageEffects":true,"showParticleSystems":true},"in2DMode":false,"pivot":{"x":6.616833686828613,"y":-1.6624902486801148,"z":2.669206380844116},"rotation":{"x":-0.14184485375881196,"y":0.807742178440094,"z":-0.5297845005989075,"w":-0.21626146137714387},"size":6.558082580566406,"orthographic":false}