{"cameraMode":{"drawMode":0,"name":"Shaded","section":"Shading Mode"},"sceneLighting":false,"audioPlay":false,"sceneViewState":{"showFog":true,"showMaterialUpdate":false,"showSkybox":true,"showFlares":true,"showImageEffects":true,"showParticleSystems":true},"in2DMode":false,"pivot":{"x":596.404296875,"y":257.63702392578127,"z":197.45587158203126},"rotation":{"x":-0.06295373290777207,"y":-0.012881703674793244,"z":0.000814666913356632,"w":-0.9979425072669983},"size":515.2096557617188,"orthographic":false}